{
    "TopPic": "https://img02.hua.com/wx_imgs/wxmp_home_topbanner.png",
    "BannerList": [{
        "ImageUrl": "https://img02.hua.com/slider/wxmp_cate_01.jpg",
        "Type": "aiqing",
        "LabelName": "送恋人鲜花",
        "Desc": "遇见你是最美的意外",
        "Linkage": "送恋人"
    }, {
        "ImageUrl": "https://img02.hua.com/slider/wxmp_cate_02.jpg",
        "Type": "songzhangbei",
        "LabelName": "送长辈鲜花",
        "Desc": "你养我长大，我陪你到老",
        "Linkage": "送长辈"
    }, {
        "ImageUrl": "https://img02.hua.com/slider/wxmp_cate_03.jpg",
        "Type": "youqing",
        "LabelName": "送朋友鲜花",
        "Desc": "时光不老，友谊不散",
        "Linkage": "送朋友"
    }, {
        "ImageUrl": "https://img02.hua.com/slider/wxmp_cate_04.jpg",
        "Type": "shengri",
        "LabelName": "生日祝福",
        "Desc": "生日当然你最大",
        "Linkage": "生日祝福"
    }, {
        "ImageUrl": "https://img02.hua.com/slider/wxmp_cate_05.jpg",
        "Type": "biaobaiqiuhun",
        "LabelName": "表白求婚",
        "Desc": "想告诉全世界我爱你",
        "Linkage": "表白求婚"
    }, {
        "ImageUrl": "https://img02.hua.com/slider/wxmp_cate_06.jpg",
        "Type": "zhounianjinian",
        "LabelName": "周年纪念",
        "Desc": "想给你特别的庆祝",
        "Linkage": "周年纪念"
    }],
    "Module": [{
        "ImageUrl": "https://img02.hua.com/slider/18_thanksday_wxmp.jpg",
        "Type": "https://m.hua.com/theme/thanksday/wxmp.html",
        "ModuleName": "感恩节鲜花",
        "Desc": "一路陪伴·感谢有你",
        "Label": ""
    }, {
        "ImageUrl": "https://img02.hua.com/slider/18_birthday_wxmp.jpg",
        "Type": "https://m.hua.com/theme/birthday/wxmp.html",
        "ModuleName": "浪漫生日礼",
        "Desc": "让她心跳加速·铭记心动时刻",
        "Label": ""
    }, {
        "ImageUrl": "https://img02.hua.com/wx_imgs/wxmp_mediawell_02.png",
        "Type": "https://m.hua.com/ranking/WxmpIndex",
        "ModuleName": "热销鲜花排行版",
        "Desc": "万众宠爱一定是有原因的",
        "Label": ""
    }, {
        "ImageUrl": "https://img02.hua.com/wx_imgs/wxmp_mediawell_03.png",
        "Type": "xingjiabi",
        "ModuleName": "特价专区",
        "Desc": "懂得持家也懂得浪漫",
        "Label": ""
    }]
}