[{
    "Subject": "用途",
    "Layout": "default",
    "Content": [{
        "Label": "全部",
        "Icon": "https://img02.hua.com/app/icon/more_btn.png",
        "Type": "all"
    }, {
        "Label": "爱情鲜花",
        "Icon": "https://img02.hua.com/app/api/flower/yongtu/aiqing.png",
        "Type": "aiqing"
    }, {
        "Label": "友情鲜花",
        "Icon": "https://img02.hua.com/app/api/flower/yongtu/youqing.png",
        "Type": "youqing"
    }, {
        "Label": "生日鲜花",
        "Icon": "https://img02.hua.com/app/api/flower/yongtu/birthday.png",
        "Type": "shengri"
    }, {
        "Label": "问候长辈",
        "Icon": "https://img02.hua.com/app/api/flower/yongtu/zhangbei.png",
        "Type": "songzhangbei"
    }, {
        "Label": "回报老师",
        "Icon": "https://img02.hua.com/app/api/flower/yongtu/repayteacher.png",
        "Type": "songlaoshi"
    }, {
        "Label": "祝福庆贺",
        "Icon": "https://img02.hua.com/app/api/flower/yongtu/wishes.png",
        "Type": "zhufuqinghe"
    }, {
        "Label": "婚庆鲜花",
        "Icon": "https://img02.hua.com/app/api/flower/yongtu/weddingcelebration.png",
        "Type": "hunqing"
    }, {
        "Label": "探病慰问",
        "Icon": "https://img02.hua.com/app/api/flower/yongtu/sympathy.png",
        "Type": "tanbingweiwen"
    }, {
        "Label": "生子祝贺",
        "Icon": "https://img02.hua.com/app/api/flower/yongtu/childbirth.png",
        "Type": "shengzizhuhe"
    }, {
        "Label": "道歉鲜花",
        "Icon": "https://img02.hua.com/app/api/flower/yongtu/daoqian.png",
        "Type": "daoqian"
    }, {
        "Label": "家居鲜花",
        "Icon": "https://img02.hua.com/app/api/flower/yongtu/household.png",
        "Type": "jiaju"
    }, {
        "Label": "哀思鲜花",
        "Icon": "https://img02.hua.com/app/api/flower/yongtu/aisi.png",
        "Type": "aisi"
    }, {
        "Label": "开业花篮",
        "Icon": "https://img02.hua.com/app/api/flower/yongtu/kaiye.png",
        "Type": "kaiyehualan"
    }, {
        "Label": "公司及会议鲜花",
        "Icon": "https://img02.hua.com/app/api/flower/yongtu/conference.png",
        "Type": "meetingflower"
    }, {
        "Label": "礼仪鲜花",
        "Icon": "https://img02.hua.com/app/api/flower/yongtu/ceremony.png",
        "Type": "liyiflower"
    }, {
        "Label": "精品鲜花",
        "Icon": "https://img02.hua.com/app/api/flower/yongtu/jingpin.png",
        "Type": "jingpin"
    }, {
        "Label": "设计师鲜花",
        "Icon": "https://img02.hua.com/app/api/use/youflower.png",
        "Type": "you"
    }, {
        "Label": "香港送花",
        "Icon": "https://img02.hua.com/app/api/flower/yongtu/hongkong.png",
        "Type": "xianggang"
    }, {
        "Label": "澳门送花",
        "Icon": "https://img02.hua.com/app/api/flower/yongtu/aomen.png",
        "Type": "aomen"
    }, {
        "Label": "台湾送花",
        "Icon": "https://img02.hua.com/app/api/flower/yongtu/taiwan.png",
        "Type": "taiwan"
    }]
}, {
    "Subject": "花材",
    "Layout": "default",
    "Content": [{
        "Label": "玫瑰",
        "Icon": "https://img02.hua.com/app/api/flower/huacai/rose.png",
        "Type": "meigui"
    }, {
        "Label": "红玫瑰",
        "Icon": "https://img02.hua.com/app/api/flower/huacai/redrose.png",
        "Type": "hongmeigui"
    }, {
        "Label": "粉玫瑰",
        "Icon": "https://img02.hua.com/app/api/flower/huacai//pinkrose.png",
        "Type": "fenmeigui"
    }, {
        "Label": "白玫瑰",
        "Icon": "https://img02.hua.com/app/api/flower/huacai/whiterose.png",
        "Type": "baimeigui"
    }, {
        "Label": "香槟玫瑰",
        "Icon": "https://img02.hua.com/app/api/flower/huacai/xiangbinrose.png",
        "Type": "xiangbinmeigui"
    }, {
        "Label": "紫玫瑰",
        "Icon": "https://img02.hua.com/app/api/flower/huacai/purplerose.png",
        "Type": "zimeigui"
    }, {
        "Label": "蓝玫瑰",
        "Icon": "https://img02.hua.com/app/api/flower/huacai/bluerose.png",
        "Type": "lanmeigui"
    }, {
        "Label": "黄玫瑰",
        "Icon": "https://img02.hua.com/app/api/flower/huacai/yellowrose.png",
        "Type": "huangmeigui"
    }, {
        "Label": "康乃馨",
        "Icon": "https://img02.hua.com/app/api/flower/huacai/kangnaixin.png",
        "Type": "kangnaixin"
    }, {
        "Label": "郁金香",
        "Icon": "https://img02.hua.com/app/api/flower/huacai/yujinxiang.png",
        "Type": "yujinxiang"
    }, {
        "Label": "百合",
        "Icon": "https://img02.hua.com/app/api/flower/huacai/baihe.png",
        "Type": "baihe"
    }, {
        "Label": "扶郎",
        "Icon": "https://img02.hua.com/app/api/flower/huacai/fulang.png",
        "Type": "fulang"
    }, {
        "Label": "马蹄莲",
        "Icon": "https://img02.hua.com/app/api/flower/huacai/matilian.png",
        "Type": "matilian"
    }, {
        "Label": "向日葵",
        "Icon": "https://img02.hua.com/app/api/flower/huacai/xiangrikui.png",
        "Type": "xiangrikui"
    }]
}, {
    "Subject": "类别",
    "Layout": "default",
    "Content": [{
        "Label": "传情花束",
        "Icon": "https://img02.hua.com/app/api/flower/leibie/chuanqinghuashu.png",
        "Type": "huashu"
    }, {
        "Label": "精致花篮",
        "Icon": "https://img02.hua.com/app/api/flower/leibie/jingzhihualan.png",
        "Type": "hualan"
    }, {
        "Label": "瓶插花",
        "Icon": "https://img02.hua.com/app/api/flower/leibie/pingchahua.png",
        "Type": "pingchahua"
    }, {
        "Label": "特色花礼",
        "Icon": "https://img02.hua.com/app/api/flower/leibie/tesehuali.png",
        "Type": "tese"
    }, {
        "Label": "创意花盒",
        "Icon": "https://img02.hua.com/app/api/flower/leibie/chuangyihuahe.png",
        "Type": "hezhuanghua"
    }, {
        "Label": "鲜花礼篮",
        "Icon": "https://img02.hua.com/app/api/flower/leibie/xianhualilan.png",
        "Type": "lilan"
    }]
}, {
    "Subject": "颜色",
    "Layout": "border",
    "Content": [{
        "Label": "红色",
        "Icon": "https://img02.hua.com/app/color_03.png",
        "Type": "hongse"
    }, {
        "Label": "粉色",
        "Icon": "https://img02.hua.com/app/color_05.png",
        "Type": "fense"
    }, {
        "Label": "香槟色",
        "Icon": "https://img02.hua.com/app/color_07.png",
        "Type": "xiangbinse"
    }, {
        "Label": "黄色",
        "Icon": "https://img02.hua.com/app/color_09.png",
        "Type": "huangse"
    }, {
        "Label": "白色",
        "Icon": "https://img02.hua.com/app/color_11.png",
        "Type": "baise"
    }, {
        "Label": "紫色",
        "Icon": "https://img02.hua.com/app/color_13.png",
        "Type": "zise"
    }, {
        "Label": "蓝色",
        "Icon": "https://img02.hua.com/app/color_15.png",
        "Type": "lanse"
    }]
}, {
    "Subject": "价格",
    "Layout": "border",
    "Content": [{
        "Label": "特价鲜花",
        "Icon": "",
        "Type": "tejia"
    }, {
        "Label": "150元以下",
        "Icon": "",
        "Type": "0-150"
    }, {
        "Label": "150-250元",
        "Icon": "",
        "Type": "150-250"
    }, {
        "Label": "250-350元",
        "Icon": "",
        "Type": "250-350"
    }, {
        "Label": "350-550元",
        "Icon": "",
        "Type": "350-550"
    }, {
        "Label": "550-800元",
        "Icon": "",
        "Type": "550-800"
    }, {
        "Label": "800元以上",
        "Icon": "",
        "Type": "800-99999"
    }]
}, {
    "Subject": "支数",
    "Layout": "border",
    "Content": [{
        "Label": "9枝",
        "Icon": "",
        "Type": "jiuduo"
    }, {
        "Label": "10枝",
        "Icon": "",
        "Type": "shiduo"
    }, {
        "Label": "11枝",
        "Icon": "",
        "Type": "shiyiduo"
    }, {
        "Label": "12枝",
        "Icon": "",
        "Type": "shierduo"
    }, {
        "Label": "16枝",
        "Icon": "",
        "Type": "shiliuduo"
    }, {
        "Label": "18枝",
        "Icon": "",
        "Type": "shibaduo"
    }, {
        "Label": "19枝",
        "Icon": "",
        "Type": "shijiuduo"
    }, {
        "Label": "20枝",
        "Icon": "",
        "Type": "ershiduo"
    }, {
        "Label": "22枝",
        "Icon": "",
        "Type": "ershierduo"
    }, {
        "Label": "29枝",
        "Icon": "",
        "Type": "ershijiuduo"
    }, {
        "Label": "33枝",
        "Icon": "",
        "Type": "sanshisanduo"
    }, {
        "Label": "36枝",
        "Icon": "",
        "Type": "sanshiliuduo"
    }, {
        "Label": "50枝",
        "Icon": "",
        "Type": "wushiduo"
    }, {
        "Label": "66枝",
        "Icon": "",
        "Type": "liushiliuduo"
    }, {
        "Label": "99枝以上",
        "Icon": "",
        "Type": "jiushijiuduo"
    }]
}]